date,exercise,set,reps,weight,RPE,note
"2026-05-06T10:00:00.000Z","Pull Up","1","10","207.5","7.5",""
"2026-05-06T10:00:00.000Z","Pull Up","2","8","207.5","8",""
"2026-05-06T10:00:00.000Z","Pull Up","3","6","207.5","8.5",""
"2026-05-06T10:00:00.000Z","Dumbbell Curl","1","10","207.5","7.5",""
"2026-05-06T10:00:00.000Z","Dumbbell Curl","2","8","207.5","8",""
"2026-05-06T10:00:00.000Z","Dumbbell Curl","3","6","207.5","8.5",""
"2026-05-06T10:00:00.000Z","Tricep Pushdown","1","10","207.5","7.5",""
"2026-05-06T10:00:00.000Z","Tricep Pushdown","2","8","207.5","8",""
"2026-05-06T10:00:00.000Z","Tricep Pushdown","3","6","207.5","8.5",""
"2026-05-11T10:00:00.000Z","Barbell Row","1","10","205","7.5",""
"2026-05-11T10:00:00.000Z","Barbell Row","2","8","205","8",""
"2026-05-11T10:00:00.000Z","Barbell Row","3","6","205","8.5",""
"2026-05-11T10:00:00.000Z","Pull Up","1","10","205","7.5",""
"2026-05-11T10:00:00.000Z","Pull Up","2","8","205","8",""
"2026-05-11T10:00:00.000Z","Pull Up","3","6","205","8.5",""
"2026-05-11T10:00:00.000Z","Dumbbell Curl","1","10","205","7.5",""
"2026-05-11T10:00:00.000Z","Dumbbell Curl","2","8","205","8",""
"2026-05-11T10:00:00.000Z","Dumbbell Curl","3","6","205","8.5",""
"2026-05-16T10:00:00.000Z","Overhead Press","1","10","202.5","7.5","Set 28 felt strong today."
"2026-05-16T10:00:00.000Z","Overhead Press","2","8","202.5","8","Set 28 felt strong today."
"2026-05-16T10:00:00.000Z","Overhead Press","3","6","202.5","8.5","Set 28 felt strong today."
"2026-05-16T10:00:00.000Z","Barbell Row","1","10","202.5","7.5","Set 28 felt strong today."
"2026-05-16T10:00:00.000Z","Barbell Row","2","8","202.5","8","Set 28 felt strong today."
"2026-05-16T10:00:00.000Z","Barbell Row","3","6","202.5","8.5","Set 28 felt strong today."
"2026-05-16T10:00:00.000Z","Pull Up","1","10","202.5","7.5","Set 28 felt strong today."
"2026-05-16T10:00:00.000Z","Pull Up","2","8","202.5","8","Set 28 felt strong today."
"2026-05-16T10:00:00.000Z","Pull Up","3","6","202.5","8.5","Set 28 felt strong today."
"2026-05-21T10:00:00.000Z","Deadlift","1","10","200","7.5",""
"2026-05-21T10:00:00.000Z","Deadlift","2","8","200","8",""
"2026-05-21T10:00:00.000Z","Deadlift","3","6","200","8.5",""
"2026-05-21T10:00:00.000Z","Overhead Press","1","10","200","7.5",""
"2026-05-21T10:00:00.000Z","Overhead Press","2","8","200","8",""
"2026-05-21T10:00:00.000Z","Overhead Press","3","6","200","8.5",""
"2026-05-21T10:00:00.000Z","Barbell Row","1","10","200","7.5",""
"2026-05-21T10:00:00.000Z","Barbell Row","2","8","200","8",""
"2026-05-21T10:00:00.000Z","Barbell Row","3","6","200","8.5",""
"2026-05-26T10:00:00.000Z","Back Squat","1","10","197.5","7.5",""
"2026-05-26T10:00:00.000Z","Back Squat","2","8","197.5","8",""
"2026-05-26T10:00:00.000Z","Back Squat","3","6","197.5","8.5",""
"2026-05-26T10:00:00.000Z","Deadlift","1","10","197.5","7.5",""
"2026-05-26T10:00:00.000Z","Deadlift","2","8","197.5","8",""
"2026-05-26T10:00:00.000Z","Deadlift","3","6","197.5","8.5",""
"2026-05-26T10:00:00.000Z","Overhead Press","1","10","197.5","7.5",""
"2026-05-26T10:00:00.000Z","Overhead Press","2","8","197.5","8",""
"2026-05-26T10:00:00.000Z","Overhead Press","3","6","197.5","8.5",""
"2026-05-31T10:00:00.000Z","Barbell Bench Press","1","10","195","7.5","Set 25 felt strong today."
"2026-05-31T10:00:00.000Z","Barbell Bench Press","2","8","195","8","Set 25 felt strong today."
"2026-05-31T10:00:00.000Z","Barbell Bench Press","3","6","195","8.5","Set 25 felt strong today."
"2026-05-31T10:00:00.000Z","Back Squat","1","10","195","7.5","Set 25 felt strong today."
"2026-05-31T10:00:00.000Z","Back Squat","2","8","195","8","Set 25 felt strong today."
"2026-05-31T10:00:00.000Z","Back Squat","3","6","195","8.5","Set 25 felt strong today."
"2026-05-31T10:00:00.000Z","Deadlift","1","10","195","7.5","Set 25 felt strong today."
"2026-05-31T10:00:00.000Z","Deadlift","2","8","195","8","Set 25 felt strong today."
"2026-05-31T10:00:00.000Z","Deadlift","3","6","195","8.5","Set 25 felt strong today."
"2026-06-05T10:00:00.000Z","Tricep Pushdown","1","10","192.5","7.5",""
"2026-06-05T10:00:00.000Z","Tricep Pushdown","2","8","192.5","8",""
"2026-06-05T10:00:00.000Z","Tricep Pushdown","3","6","192.5","8.5",""
"2026-06-05T10:00:00.000Z","Barbell Bench Press","1","10","192.5","7.5",""
"2026-06-05T10:00:00.000Z","Barbell Bench Press","2","8","192.5","8",""
"2026-06-05T10:00:00.000Z","Barbell Bench Press","3","6","192.5","8.5",""
"2026-06-05T10:00:00.000Z","Back Squat","1","10","192.5","7.5",""
"2026-06-05T10:00:00.000Z","Back Squat","2","8","192.5","8",""
"2026-06-05T10:00:00.000Z","Back Squat","3","6","192.5","8.5",""
"2026-06-10T10:00:00.000Z","Dumbbell Curl","1","10","190","7.5",""
"2026-06-10T10:00:00.000Z","Dumbbell Curl","2","8","190","8",""
"2026-06-10T10:00:00.000Z","Dumbbell Curl","3","6","190","8.5",""
"2026-06-10T10:00:00.000Z","Tricep Pushdown","1","10","190","7.5",""
"2026-06-10T10:00:00.000Z","Tricep Pushdown","2","8","190","8",""
"2026-06-10T10:00:00.000Z","Tricep Pushdown","3","6","190","8.5",""
"2026-06-10T10:00:00.000Z","Barbell Bench Press","1","10","190","7.5",""
"2026-06-10T10:00:00.000Z","Barbell Bench Press","2","8","190","8",""
"2026-06-10T10:00:00.000Z","Barbell Bench Press","3","6","190","8.5",""
"2026-06-15T10:00:00.000Z","Pull Up","1","10","187.5","7.5","Set 22 felt strong today."
"2026-06-15T10:00:00.000Z","Pull Up","2","8","187.5","8","Set 22 felt strong today."
"2026-06-15T10:00:00.000Z","Pull Up","3","6","187.5","8.5","Set 22 felt strong today."
"2026-06-15T10:00:00.000Z","Dumbbell Curl","1","10","187.5","7.5","Set 22 felt strong today."
"2026-06-15T10:00:00.000Z","Dumbbell Curl","2","8","187.5","8","Set 22 felt strong today."
"2026-06-15T10:00:00.000Z","Dumbbell Curl","3","6","187.5","8.5","Set 22 felt strong today."
"2026-06-15T10:00:00.000Z","Tricep Pushdown","1","10","187.5","7.5","Set 22 felt strong today."
"2026-06-15T10:00:00.000Z","Tricep Pushdown","2","8","187.5","8","Set 22 felt strong today."
"2026-06-15T10:00:00.000Z","Tricep Pushdown","3","6","187.5","8.5","Set 22 felt strong today."
"2026-06-20T10:00:00.000Z","Barbell Row","1","10","185","7.5",""
"2026-06-20T10:00:00.000Z","Barbell Row","2","8","185","8",""
"2026-06-20T10:00:00.000Z","Barbell Row","3","6","185","8.5",""
"2026-06-20T10:00:00.000Z","Pull Up","1","10","185","7.5",""
"2026-06-20T10:00:00.000Z","Pull Up","2","8","185","8",""
"2026-06-20T10:00:00.000Z","Pull Up","3","6","185","8.5",""
"2026-06-20T10:00:00.000Z","Dumbbell Curl","1","10","185","7.5",""
"2026-06-20T10:00:00.000Z","Dumbbell Curl","2","8","185","8",""
"2026-06-20T10:00:00.000Z","Dumbbell Curl","3","6","185","8.5",""
"2026-06-25T10:00:00.000Z","Overhead Press","1","10","182.5","7.5",""
"2026-06-25T10:00:00.000Z","Overhead Press","2","8","182.5","8",""
"2026-06-25T10:00:00.000Z","Overhead Press","3","6","182.5","8.5",""
"2026-06-25T10:00:00.000Z","Barbell Row","1","10","182.5","7.5",""
"2026-06-25T10:00:00.000Z","Barbell Row","2","8","182.5","8",""
"2026-06-25T10:00:00.000Z","Barbell Row","3","6","182.5","8.5",""
"2026-06-25T10:00:00.000Z","Pull Up","1","10","182.5","7.5",""
"2026-06-25T10:00:00.000Z","Pull Up","2","8","182.5","8",""
"2026-06-25T10:00:00.000Z","Pull Up","3","6","182.5","8.5",""
"2026-06-30T10:00:00.000Z","Deadlift","1","10","180","7.5","Set 19 felt strong today."
"2026-06-30T10:00:00.000Z","Deadlift","2","8","180","8","Set 19 felt strong today."
"2026-06-30T10:00:00.000Z","Deadlift","3","6","180","8.5","Set 19 felt strong today."
"2026-06-30T10:00:00.000Z","Overhead Press","1","10","180","7.5","Set 19 felt strong today."
"2026-06-30T10:00:00.000Z","Overhead Press","2","8","180","8","Set 19 felt strong today."
"2026-06-30T10:00:00.000Z","Overhead Press","3","6","180","8.5","Set 19 felt strong today."
"2026-06-30T10:00:00.000Z","Barbell Row","1","10","180","7.5","Set 19 felt strong today."
"2026-06-30T10:00:00.000Z","Barbell Row","2","8","180","8","Set 19 felt strong today."
"2026-06-30T10:00:00.000Z","Barbell Row","3","6","180","8.5","Set 19 felt strong today."
"2026-07-05T10:00:00.000Z","Back Squat","1","10","177.5","7.5",""
"2026-07-05T10:00:00.000Z","Back Squat","2","8","177.5","8",""
"2026-07-05T10:00:00.000Z","Back Squat","3","6","177.5","8.5",""
"2026-07-05T10:00:00.000Z","Deadlift","1","10","177.5","7.5",""
"2026-07-05T10:00:00.000Z","Deadlift","2","8","177.5","8",""
"2026-07-05T10:00:00.000Z","Deadlift","3","6","177.5","8.5",""
"2026-07-05T10:00:00.000Z","Overhead Press","1","10","177.5","7.5",""
"2026-07-05T10:00:00.000Z","Overhead Press","2","8","177.5","8",""
"2026-07-05T10:00:00.000Z","Overhead Press","3","6","177.5","8.5",""
"2026-07-10T10:00:00.000Z","Barbell Bench Press","1","10","175","7.5",""
"2026-07-10T10:00:00.000Z","Barbell Bench Press","2","8","175","8",""
"2026-07-10T10:00:00.000Z","Barbell Bench Press","3","6","175","8.5",""
"2026-07-10T10:00:00.000Z","Back Squat","1","10","175","7.5",""
"2026-07-10T10:00:00.000Z","Back Squat","2","8","175","8",""
"2026-07-10T10:00:00.000Z","Back Squat","3","6","175","8.5",""
"2026-07-10T10:00:00.000Z","Deadlift","1","10","175","7.5",""
"2026-07-10T10:00:00.000Z","Deadlift","2","8","175","8",""
"2026-07-10T10:00:00.000Z","Deadlift","3","6","175","8.5",""
"2026-07-15T10:00:00.000Z","Tricep Pushdown","1","10","172.5","7.5","Set 16 felt strong today."
"2026-07-15T10:00:00.000Z","Tricep Pushdown","2","8","172.5","8","Set 16 felt strong today."
"2026-07-15T10:00:00.000Z","Tricep Pushdown","3","6","172.5","8.5","Set 16 felt strong today."
"2026-07-15T10:00:00.000Z","Barbell Bench Press","1","10","172.5","7.5","Set 16 felt strong today."
"2026-07-15T10:00:00.000Z","Barbell Bench Press","2","8","172.5","8","Set 16 felt strong today."
"2026-07-15T10:00:00.000Z","Barbell Bench Press","3","6","172.5","8.5","Set 16 felt strong today."
"2026-07-15T10:00:00.000Z","Back Squat","1","10","172.5","7.5","Set 16 felt strong today."
"2026-07-15T10:00:00.000Z","Back Squat","2","8","172.5","8","Set 16 felt strong today."
"2026-07-15T10:00:00.000Z","Back Squat","3","6","172.5","8.5","Set 16 felt strong today."
"2026-07-20T10:00:00.000Z","Dumbbell Curl","1","10","170","7.5",""
"2026-07-20T10:00:00.000Z","Dumbbell Curl","2","8","170","8",""
"2026-07-20T10:00:00.000Z","Dumbbell Curl","3","6","170","8.5",""
"2026-07-20T10:00:00.000Z","Tricep Pushdown","1","10","170","7.5",""
"2026-07-20T10:00:00.000Z","Tricep Pushdown","2","8","170","8",""
"2026-07-20T10:00:00.000Z","Tricep Pushdown","3","6","170","8.5",""
"2026-07-20T10:00:00.000Z","Barbell Bench Press","1","10","170","7.5",""
"2026-07-20T10:00:00.000Z","Barbell Bench Press","2","8","170","8",""
"2026-07-20T10:00:00.000Z","Barbell Bench Press","3","6","170","8.5",""
"2026-07-25T10:00:00.000Z","Pull Up","1","10","167.5","7.5",""
"2026-07-25T10:00:00.000Z","Pull Up","2","8","167.5","8",""
"2026-07-25T10:00:00.000Z","Pull Up","3","6","167.5","8.5",""
"2026-07-25T10:00:00.000Z","Dumbbell Curl","1","10","167.5","7.5",""
"2026-07-25T10:00:00.000Z","Dumbbell Curl","2","8","167.5","8",""
"2026-07-25T10:00:00.000Z","Dumbbell Curl","3","6","167.5","8.5",""
"2026-07-25T10:00:00.000Z","Tricep Pushdown","1","10","167.5","7.5",""
"2026-07-25T10:00:00.000Z","Tricep Pushdown","2","8","167.5","8",""
"2026-07-25T10:00:00.000Z","Tricep Pushdown","3","6","167.5","8.5",""
"2026-07-30T10:00:00.000Z","Barbell Row","1","10","165","7.5","Set 13 felt strong today."
"2026-07-30T10:00:00.000Z","Barbell Row","2","8","165","8","Set 13 felt strong today."
"2026-07-30T10:00:00.000Z","Barbell Row","3","6","165","8.5","Set 13 felt strong today."
"2026-07-30T10:00:00.000Z","Pull Up","1","10","165","7.5","Set 13 felt strong today."
"2026-07-30T10:00:00.000Z","Pull Up","2","8","165","8","Set 13 felt strong today."
"2026-07-30T10:00:00.000Z","Pull Up","3","6","165","8.5","Set 13 felt strong today."
"2026-07-30T10:00:00.000Z","Dumbbell Curl","1","10","165","7.5","Set 13 felt strong today."
"2026-07-30T10:00:00.000Z","Dumbbell Curl","2","8","165","8","Set 13 felt strong today."
"2026-07-30T10:00:00.000Z","Dumbbell Curl","3","6","165","8.5","Set 13 felt strong today."
"2026-08-04T10:00:00.000Z","Overhead Press","1","10","162.5","7.5",""
"2026-08-04T10:00:00.000Z","Overhead Press","2","8","162.5","8",""
"2026-08-04T10:00:00.000Z","Overhead Press","3","6","162.5","8.5",""
"2026-08-04T10:00:00.000Z","Barbell Row","1","10","162.5","7.5",""
"2026-08-04T10:00:00.000Z","Barbell Row","2","8","162.5","8",""
"2026-08-04T10:00:00.000Z","Barbell Row","3","6","162.5","8.5",""
"2026-08-04T10:00:00.000Z","Pull Up","1","10","162.5","7.5",""
"2026-08-04T10:00:00.000Z","Pull Up","2","8","162.5","8",""
"2026-08-04T10:00:00.000Z","Pull Up","3","6","162.5","8.5",""
"2026-08-09T10:00:00.000Z","Deadlift","1","10","160","7.5",""
"2026-08-09T10:00:00.000Z","Deadlift","2","8","160","8",""
"2026-08-09T10:00:00.000Z","Deadlift","3","6","160","8.5",""
"2026-08-09T10:00:00.000Z","Overhead Press","1","10","160","7.5",""
"2026-08-09T10:00:00.000Z","Overhead Press","2","8","160","8",""
"2026-08-09T10:00:00.000Z","Overhead Press","3","6","160","8.5",""
"2026-08-09T10:00:00.000Z","Barbell Row","1","10","160","7.5",""
"2026-08-09T10:00:00.000Z","Barbell Row","2","8","160","8",""
"2026-08-09T10:00:00.000Z","Barbell Row","3","6","160","8.5",""
"2026-08-14T10:00:00.000Z","Back Squat","1","10","157.5","7.5","Set 10 felt strong today."
"2026-08-14T10:00:00.000Z","Back Squat","2","8","157.5","8","Set 10 felt strong today."
"2026-08-14T10:00:00.000Z","Back Squat","3","6","157.5","8.5","Set 10 felt strong today."
"2026-08-14T10:00:00.000Z","Deadlift","1","10","157.5","7.5","Set 10 felt strong today."
"2026-08-14T10:00:00.000Z","Deadlift","2","8","157.5","8","Set 10 felt strong today."
"2026-08-14T10:00:00.000Z","Deadlift","3","6","157.5","8.5","Set 10 felt strong today."
"2026-08-14T10:00:00.000Z","Overhead Press","1","10","157.5","7.5","Set 10 felt strong today."
"2026-08-14T10:00:00.000Z","Overhead Press","2","8","157.5","8","Set 10 felt strong today."
"2026-08-14T10:00:00.000Z","Overhead Press","3","6","157.5","8.5","Set 10 felt strong today."
"2026-08-19T10:00:00.000Z","Barbell Bench Press","1","10","155","7.5",""
"2026-08-19T10:00:00.000Z","Barbell Bench Press","2","8","155","8",""
"2026-08-19T10:00:00.000Z","Barbell Bench Press","3","6","155","8.5",""
"2026-08-19T10:00:00.000Z","Back Squat","1","10","155","7.5",""
"2026-08-19T10:00:00.000Z","Back Squat","2","8","155","8",""
"2026-08-19T10:00:00.000Z","Back Squat","3","6","155","8.5",""
"2026-08-19T10:00:00.000Z","Deadlift","1","10","155","7.5",""
"2026-08-19T10:00:00.000Z","Deadlift","2","8","155","8",""
"2026-08-19T10:00:00.000Z","Deadlift","3","6","155","8.5",""
"2026-08-24T10:00:00.000Z","Tricep Pushdown","1","10","152.5","7.5",""
"2026-08-24T10:00:00.000Z","Tricep Pushdown","2","8","152.5","8",""
"2026-08-24T10:00:00.000Z","Tricep Pushdown","3","6","152.5","8.5",""
"2026-08-24T10:00:00.000Z","Barbell Bench Press","1","10","152.5","7.5",""
"2026-08-24T10:00:00.000Z","Barbell Bench Press","2","8","152.5","8",""
"2026-08-24T10:00:00.000Z","Barbell Bench Press","3","6","152.5","8.5",""
"2026-08-24T10:00:00.000Z","Back Squat","1","10","152.5","7.5",""
"2026-08-24T10:00:00.000Z","Back Squat","2","8","152.5","8",""
"2026-08-24T10:00:00.000Z","Back Squat","3","6","152.5","8.5",""
"2026-08-29T10:00:00.000Z","Dumbbell Curl","1","10","150","7.5","Set 7 felt strong today."
"2026-08-29T10:00:00.000Z","Dumbbell Curl","2","8","150","8","Set 7 felt strong today."
"2026-08-29T10:00:00.000Z","Dumbbell Curl","3","6","150","8.5","Set 7 felt strong today."
"2026-08-29T10:00:00.000Z","Tricep Pushdown","1","10","150","7.5","Set 7 felt strong today."
"2026-08-29T10:00:00.000Z","Tricep Pushdown","2","8","150","8","Set 7 felt strong today."
"2026-08-29T10:00:00.000Z","Tricep Pushdown","3","6","150","8.5","Set 7 felt strong today."
"2026-08-29T10:00:00.000Z","Barbell Bench Press","1","10","150","7.5","Set 7 felt strong today."
"2026-08-29T10:00:00.000Z","Barbell Bench Press","2","8","150","8","Set 7 felt strong today."
"2026-08-29T10:00:00.000Z","Barbell Bench Press","3","6","150","8.5","Set 7 felt strong today."
"2026-09-03T10:00:00.000Z","Pull Up","1","10","147.5","7.5",""
"2026-09-03T10:00:00.000Z","Pull Up","2","8","147.5","8",""
"2026-09-03T10:00:00.000Z","Pull Up","3","6","147.5","8.5",""
"2026-09-03T10:00:00.000Z","Dumbbell Curl","1","10","147.5","7.5",""
"2026-09-03T10:00:00.000Z","Dumbbell Curl","2","8","147.5","8",""
"2026-09-03T10:00:00.000Z","Dumbbell Curl","3","6","147.5","8.5",""
"2026-09-03T10:00:00.000Z","Tricep Pushdown","1","10","147.5","7.5",""
"2026-09-03T10:00:00.000Z","Tricep Pushdown","2","8","147.5","8",""
"2026-09-03T10:00:00.000Z","Tricep Pushdown","3","6","147.5","8.5",""
"2026-09-08T10:00:00.000Z","Barbell Row","1","10","145","7.5",""
"2026-09-08T10:00:00.000Z","Barbell Row","2","8","145","8",""
"2026-09-08T10:00:00.000Z","Barbell Row","3","6","145","8.5",""
"2026-09-08T10:00:00.000Z","Pull Up","1","10","145","7.5",""
"2026-09-08T10:00:00.000Z","Pull Up","2","8","145","8",""
"2026-09-08T10:00:00.000Z","Pull Up","3","6","145","8.5",""
"2026-09-08T10:00:00.000Z","Dumbbell Curl","1","10","145","7.5",""
"2026-09-08T10:00:00.000Z","Dumbbell Curl","2","8","145","8",""
"2026-09-08T10:00:00.000Z","Dumbbell Curl","3","6","145","8.5",""
"2026-09-13T10:00:00.000Z","Overhead Press","1","10","142.5","7.5","Set 4 felt strong today."
"2026-09-13T10:00:00.000Z","Overhead Press","2","8","142.5","8","Set 4 felt strong today."
"2026-09-13T10:00:00.000Z","Overhead Press","3","6","142.5","8.5","Set 4 felt strong today."
"2026-09-13T10:00:00.000Z","Barbell Row","1","10","142.5","7.5","Set 4 felt strong today."
"2026-09-13T10:00:00.000Z","Barbell Row","2","8","142.5","8","Set 4 felt strong today."
"2026-09-13T10:00:00.000Z","Barbell Row","3","6","142.5","8.5","Set 4 felt strong today."
"2026-09-13T10:00:00.000Z","Pull Up","1","10","142.5","7.5","Set 4 felt strong today."
"2026-09-13T10:00:00.000Z","Pull Up","2","8","142.5","8","Set 4 felt strong today."
"2026-09-13T10:00:00.000Z","Pull Up","3","6","142.5","8.5","Set 4 felt strong today."
"2026-09-18T10:00:00.000Z","Deadlift","1","10","140","7.5",""
"2026-09-18T10:00:00.000Z","Deadlift","2","8","140","8",""
"2026-09-18T10:00:00.000Z","Deadlift","3","6","140","8.5",""
"2026-09-18T10:00:00.000Z","Overhead Press","1","10","140","7.5",""
"2026-09-18T10:00:00.000Z","Overhead Press","2","8","140","8",""
"2026-09-18T10:00:00.000Z","Overhead Press","3","6","140","8.5",""
"2026-09-18T10:00:00.000Z","Barbell Row","1","10","140","7.5",""
"2026-09-18T10:00:00.000Z","Barbell Row","2","8","140","8",""
"2026-09-18T10:00:00.000Z","Barbell Row","3","6","140","8.5",""
"2026-09-23T10:00:00.000Z","Back Squat","1","10","137.5","7.5",""
"2026-09-23T10:00:00.000Z","Back Squat","2","8","137.5","8",""
"2026-09-23T10:00:00.000Z","Back Squat","3","6","137.5","8.5",""
"2026-09-23T10:00:00.000Z","Deadlift","1","10","137.5","7.5",""
"2026-09-23T10:00:00.000Z","Deadlift","2","8","137.5","8",""
"2026-09-23T10:00:00.000Z","Deadlift","3","6","137.5","8.5",""
"2026-09-23T10:00:00.000Z","Overhead Press","1","10","137.5","7.5",""
"2026-09-23T10:00:00.000Z","Overhead Press","2","8","137.5","8",""
"2026-09-23T10:00:00.000Z","Overhead Press","3","6","137.5","8.5",""
"2026-09-28T10:00:00.000Z","Barbell Bench Press","1","10","135","7.5","Set 1 felt strong today."
"2026-09-28T10:00:00.000Z","Barbell Bench Press","2","8","135","8","Set 1 felt strong today."
"2026-09-28T10:00:00.000Z","Barbell Bench Press","3","6","135","8.5","Set 1 felt strong today."
"2026-09-28T10:00:00.000Z","Back Squat","1","10","135","7.5","Set 1 felt strong today."
"2026-09-28T10:00:00.000Z","Back Squat","2","8","135","8","Set 1 felt strong today."
"2026-09-28T10:00:00.000Z","Back Squat","3","6","135","8.5","Set 1 felt strong today."
"2026-09-28T10:00:00.000Z","Deadlift","1","10","135","7.5","Set 1 felt strong today."
"2026-09-28T10:00:00.000Z","Deadlift","2","8","135","8","Set 1 felt strong today."
"2026-09-28T10:00:00.000Z","Deadlift","3","6","135","8.5","Set 1 felt strong today."